timestamp,plate_text,crop_file,frame_file
20260627_130659,204,/app/anpr_results/crops/20260627_130659_1683_1_0.jpg,/app/anpr_results/frames/20260627_130659_1683_1_0.jpg
20260704_112516,202020212,/app/anpr_results/crops/20260704_112516_1660_1_0.jpg,/app/anpr_results/frames/20260704_112516_1660_1_0.jpg
20260704_112517,201202020201,/app/anpr_results/crops/20260704_112517_1662_1_0.jpg,/app/anpr_results/frames/20260704_112517_1662_1_0.jpg
20260704_112518,2020202,/app/anpr_results/crops/20260704_112518_1663_0_0.jpg,/app/anpr_results/frames/20260704_112518_1663_0_0.jpg
20260704_112518,2020204,/app/anpr_results/crops/20260704_112518_1664_0_0.jpg,/app/anpr_results/frames/20260704_112518_1664_0_0.jpg
20260704_112519,202020202,/app/anpr_results/crops/20260704_112519_1665_0_0.jpg,/app/anpr_results/frames/20260704_112519_1665_0_0.jpg
20260704_112519,20202,/app/anpr_results/crops/20260704_112519_1666_0_0.jpg,/app/anpr_results/frames/20260704_112519_1666_0_0.jpg
20260704_112549,202020204,/app/anpr_results/crops/20260704_112549_1737_1_0.jpg,/app/anpr_results/frames/20260704_112549_1737_1_0.jpg
20260704_112549,202020202,/app/anpr_results/crops/20260704_112549_1738_0_0.jpg,/app/anpr_results/frames/20260704_112549_1738_0_0.jpg
20260704_112549,202020202012,/app/anpr_results/crops/20260704_112549_1739_0_0.jpg,/app/anpr_results/frames/20260704_112549_1739_0_0.jpg
20260704_112550,202,/app/anpr_results/crops/20260704_112550_1750_0_0.jpg,/app/anpr_results/frames/20260704_112550_1750_0_0.jpg
20260704_112550,204,/app/anpr_results/crops/20260704_112550_1751_0_0.jpg,/app/anpr_results/frames/20260704_112550_1751_0_0.jpg
20260704_112551,2020204,/app/anpr_results/crops/20260704_112551_1753_0_0.jpg,/app/anpr_results/frames/20260704_112551_1753_0_0.jpg
20260704_112605,2020202,/app/anpr_results/crops/20260704_112605_1869_0_0.jpg,/app/anpr_results/frames/20260704_112605_1869_0_0.jpg
20260704_112612,20204,/app/anpr_results/crops/20260704_112612_1895_1_0.jpg,/app/anpr_results/frames/20260704_112612_1895_1_0.jpg
20260704_112614,20202,/app/anpr_results/crops/20260704_112614_1911_0_0.jpg,/app/anpr_results/frames/20260704_112614_1911_0_0.jpg
20260704_112615,20204,/app/anpr_results/crops/20260704_112615_1914_0_0.jpg,/app/anpr_results/frames/20260704_112615_1914_0_0.jpg
20260704_112615,2012,/app/anpr_results/crops/20260704_112615_1915_0_0.jpg,/app/anpr_results/frames/20260704_112615_1915_0_0.jpg
20260704_112713,2020204,/app/anpr_results/crops/20260704_112713_2361_0_0.jpg,/app/anpr_results/frames/20260704_112713_2361_0_0.jpg
20260704_112825,202,/app/anpr_results/crops/20260704_112825_2656_1_0.jpg,/app/anpr_results/frames/20260704_112825_2656_1_0.jpg
20260704_112826,20202,/app/anpr_results/crops/20260704_112826_2662_1_0.jpg,/app/anpr_results/frames/20260704_112826_2662_1_0.jpg
20260704_112858,20202,/app/anpr_results/crops/20260704_112858_2826_0_0.jpg,/app/anpr_results/frames/20260704_112858_2826_0_0.jpg
20260704_113014,2020202,/app/anpr_results/crops/20260704_113014_3127_0_0.jpg,/app/anpr_results/frames/20260704_113014_3127_0_0.jpg
20260704_113015,204,/app/anpr_results/crops/20260704_113015_3131_0_0.jpg,/app/anpr_results/frames/20260704_113015_3131_0_0.jpg
20260704_113015,20202020202,/app/anpr_results/crops/20260704_113015_3132_0_0.jpg,/app/anpr_results/frames/20260704_113015_3132_0_0.jpg
20260704_113016,204,/app/anpr_results/crops/20260704_113016_3133_0_0.jpg,/app/anpr_results/frames/20260704_113016_3133_0_0.jpg
20260704_113016,20204,/app/anpr_results/crops/20260704_113016_3134_0_0.jpg,/app/anpr_results/frames/20260704_113016_3134_0_0.jpg
20260704_113016,2020202,/app/anpr_results/crops/20260704_113016_3135_1_0.jpg,/app/anpr_results/frames/20260704_113016_3135_1_0.jpg
20260704_113017,202020202020,/app/anpr_results/crops/20260704_113017_3136_0_0.jpg,/app/anpr_results/frames/20260704_113017_3136_0_0.jpg
20260704_113017,202020202,/app/anpr_results/crops/20260704_113017_3137_0_0.jpg,/app/anpr_results/frames/20260704_113017_3137_0_0.jpg
20260704_113017,202020204,/app/anpr_results/crops/20260704_113017_3138_0_0.jpg,/app/anpr_results/frames/20260704_113017_3138_0_0.jpg
20260704_113018,2020204,/app/anpr_results/crops/20260704_113018_3139_1_0.jpg,/app/anpr_results/frames/20260704_113018_3139_1_0.jpg
20260704_113123,20202020202,/app/anpr_results/crops/20260704_113123_3480_0_0.jpg,/app/anpr_results/frames/20260704_113123_3480_0_0.jpg
20260704_113123,2020204,/app/anpr_results/crops/20260704_113123_3482_0_0.jpg,/app/anpr_results/frames/20260704_113123_3482_0_0.jpg
20260704_113124,020204,/app/anpr_results/crops/20260704_113124_3483_0_0.jpg,/app/anpr_results/frames/20260704_113124_3483_0_0.jpg
20260704_113124,202020204,/app/anpr_results/crops/20260704_113124_3484_0_0.jpg,/app/anpr_results/frames/20260704_113124_3484_0_0.jpg
20260704_113124,20202,/app/anpr_results/crops/20260704_113124_3486_0_0.jpg,/app/anpr_results/frames/20260704_113124_3486_0_0.jpg
20260704_113124,2020202,/app/anpr_results/crops/20260704_113124_3487_0_0.jpg,/app/anpr_results/frames/20260704_113124_3487_0_0.jpg
20260704_113125,20202020202,/app/anpr_results/crops/20260704_113125_3488_0_0.jpg,/app/anpr_results/frames/20260704_113125_3488_0_0.jpg
20260704_113125,2020202,/app/anpr_results/crops/20260704_113125_3489_0_0.jpg,/app/anpr_results/frames/20260704_113125_3489_0_0.jpg
20260704_113125,2020204,/app/anpr_results/crops/20260704_113125_3490_0_0.jpg,/app/anpr_results/frames/20260704_113125_3490_0_0.jpg
20260704_113125,202020204,/app/anpr_results/crops/20260704_113125_3491_0_0.jpg,/app/anpr_results/frames/20260704_113125_3491_0_0.jpg
20260704_113125,20202,/app/anpr_results/crops/20260704_113125_3492_0_0.jpg,/app/anpr_results/frames/20260704_113125_3492_0_0.jpg
20260704_113126,20204,/app/anpr_results/crops/20260704_113126_3496_0_0.jpg,/app/anpr_results/frames/20260704_113126_3496_0_0.jpg
20260704_113127,020202020202,/app/anpr_results/crops/20260704_113127_3499_0_0.jpg,/app/anpr_results/frames/20260704_113127_3499_0_0.jpg
20260704_113127,2020204,/app/anpr_results/crops/20260704_113127_3500_0_0.jpg,/app/anpr_results/frames/20260704_113127_3500_0_0.jpg
20260704_113127,202020202,/app/anpr_results/crops/20260704_113127_3501_0_0.jpg,/app/anpr_results/frames/20260704_113127_3501_0_0.jpg
20260704_113127,202020204,/app/anpr_results/crops/20260704_113127_3502_0_0.jpg,/app/anpr_results/frames/20260704_113127_3502_0_0.jpg
20260704_113127,20202020202,/app/anpr_results/crops/20260704_113127_3503_0_0.jpg,/app/anpr_results/frames/20260704_113127_3503_0_0.jpg
20260704_113128,202020202020,/app/anpr_results/crops/20260704_113128_3504_0_0.jpg,/app/anpr_results/frames/20260704_113128_3504_0_0.jpg
20260704_113128,2020202,/app/anpr_results/crops/20260704_113128_3505_0_0.jpg,/app/anpr_results/frames/20260704_113128_3505_0_0.jpg
20260704_113128,202020202,/app/anpr_results/crops/20260704_113128_3506_0_0.jpg,/app/anpr_results/frames/20260704_113128_3506_0_0.jpg
20260704_113128,202,/app/anpr_results/crops/20260704_113128_3507_0_0.jpg,/app/anpr_results/frames/20260704_113128_3507_0_0.jpg
20260704_113128,202020202020,/app/anpr_results/crops/20260704_113128_3509_0_0.jpg,/app/anpr_results/frames/20260704_113128_3509_0_0.jpg
20260704_113129,202020202024,/app/anpr_results/crops/20260704_113129_3510_0_0.jpg,/app/anpr_results/frames/20260704_113129_3510_0_0.jpg
20260704_113129,202020204,/app/anpr_results/crops/20260704_113129_3512_0_0.jpg,/app/anpr_results/frames/20260704_113129_3512_0_0.jpg
20260704_113129,202020202,/app/anpr_results/crops/20260704_113129_3513_0_0.jpg,/app/anpr_results/frames/20260704_113129_3513_0_0.jpg
20260704_113129,2020204,/app/anpr_results/crops/20260704_113129_3514_0_0.jpg,/app/anpr_results/frames/20260704_113129_3514_0_0.jpg
20260704_113130,202020202,/app/anpr_results/crops/20260704_113130_3515_0_0.jpg,/app/anpr_results/frames/20260704_113130_3515_0_0.jpg
20260704_113130,20202020202,/app/anpr_results/crops/20260704_113130_3516_0_0.jpg,/app/anpr_results/frames/20260704_113130_3516_0_0.jpg
20260704_113130,202020202,/app/anpr_results/crops/20260704_113130_3517_0_0.jpg,/app/anpr_results/frames/20260704_113130_3517_0_0.jpg
20260704_113130,20202,/app/anpr_results/crops/20260704_113130_3519_0_0.jpg,/app/anpr_results/frames/20260704_113130_3519_0_0.jpg
20260704_113130,202020202,/app/anpr_results/crops/20260704_113130_3520_0_0.jpg,/app/anpr_results/frames/20260704_113130_3520_0_0.jpg
20260704_113131,2020204,/app/anpr_results/crops/20260704_113131_3523_0_0.jpg,/app/anpr_results/frames/20260704_113131_3523_0_0.jpg
20260704_113131,20202020202,/app/anpr_results/crops/20260704_113131_3524_0_0.jpg,/app/anpr_results/frames/20260704_113131_3524_0_0.jpg
20260704_113131,202020202020,/app/anpr_results/crops/20260704_113131_3525_0_0.jpg,/app/anpr_results/frames/20260704_113131_3525_0_0.jpg
20260704_113132,20202020202,/app/anpr_results/crops/20260704_113132_3526_0_0.jpg,/app/anpr_results/frames/20260704_113132_3526_0_0.jpg
20260704_113132,20202,/app/anpr_results/crops/20260704_113132_3527_0_0.jpg,/app/anpr_results/frames/20260704_113132_3527_0_0.jpg
20260704_113132,202020204,/app/anpr_results/crops/20260704_113132_3528_0_0.jpg,/app/anpr_results/frames/20260704_113132_3528_0_0.jpg
20260704_113132,20202020204,/app/anpr_results/crops/20260704_113132_3529_0_0.jpg,/app/anpr_results/frames/20260704_113132_3529_0_0.jpg
20260704_113132,202020202,/app/anpr_results/crops/20260704_113132_3530_0_0.jpg,/app/anpr_results/frames/20260704_113132_3530_0_0.jpg
20260704_113133,20202020204,/app/anpr_results/crops/20260704_113133_3534_0_0.jpg,/app/anpr_results/frames/20260704_113133_3534_0_0.jpg
20260704_113133,20202,/app/anpr_results/crops/20260704_113133_3535_0_0.jpg,/app/anpr_results/frames/20260704_113133_3535_0_0.jpg
20260704_113134,2020202,/app/anpr_results/crops/20260704_113134_3536_0_0.jpg,/app/anpr_results/frames/20260704_113134_3536_0_0.jpg
20260704_113134,202020202020,/app/anpr_results/crops/20260704_113134_3537_0_0.jpg,/app/anpr_results/frames/20260704_113134_3537_0_0.jpg
20260704_113134,20202020204,/app/anpr_results/crops/20260704_113134_3538_0_0.jpg,/app/anpr_results/frames/20260704_113134_3538_0_0.jpg
20260704_113134,2020202,/app/anpr_results/crops/20260704_113134_3539_0_0.jpg,/app/anpr_results/frames/20260704_113134_3539_0_0.jpg
20260704_113134,202020202,/app/anpr_results/crops/20260704_113134_3540_0_0.jpg,/app/anpr_results/frames/20260704_113134_3540_0_0.jpg
20260704_113135,2020202,/app/anpr_results/crops/20260704_113135_3543_0_0.jpg,/app/anpr_results/frames/20260704_113135_3543_0_0.jpg
20260704_113135,20204,/app/anpr_results/crops/20260704_113135_3545_0_0.jpg,/app/anpr_results/frames/20260704_113135_3545_0_0.jpg
20260704_113136,20202,/app/anpr_results/crops/20260704_113136_3547_0_0.jpg,/app/anpr_results/frames/20260704_113136_3547_0_0.jpg
20260704_113136,2020202,/app/anpr_results/crops/20260704_113136_3548_0_0.jpg,/app/anpr_results/frames/20260704_113136_3548_0_0.jpg
20260704_113136,202020202,/app/anpr_results/crops/20260704_113136_3549_0_0.jpg,/app/anpr_results/frames/20260704_113136_3549_0_0.jpg
20260704_113136,2020204,/app/anpr_results/crops/20260704_113136_3550_0_0.jpg,/app/anpr_results/frames/20260704_113136_3550_0_0.jpg
20260704_113136,202020202020,/app/anpr_results/crops/20260704_113136_3551_0_0.jpg,/app/anpr_results/frames/20260704_113136_3551_0_0.jpg
20260704_113137,2020202,/app/anpr_results/crops/20260704_113137_3552_0_0.jpg,/app/anpr_results/frames/20260704_113137_3552_0_0.jpg
20260704_113137,202020204,/app/anpr_results/crops/20260704_113137_3555_0_0.jpg,/app/anpr_results/frames/20260704_113137_3555_0_0.jpg
20260704_113138,2020202,/app/anpr_results/crops/20260704_113138_3558_0_0.jpg,/app/anpr_results/frames/20260704_113138_3558_0_0.jpg
20260704_113138,202020202024,/app/anpr_results/crops/20260704_113138_3559_0_0.jpg,/app/anpr_results/frames/20260704_113138_3559_0_0.jpg
20260704_113138,20204,/app/anpr_results/crops/20260704_113138_3560_0_0.jpg,/app/anpr_results/frames/20260704_113138_3560_0_0.jpg
20260704_113138,2020202,/app/anpr_results/crops/20260704_113138_3561_0_0.jpg,/app/anpr_results/frames/20260704_113138_3561_0_0.jpg
20260704_113138,2020204,/app/anpr_results/crops/20260704_113138_3562_0_0.jpg,/app/anpr_results/frames/20260704_113138_3562_0_0.jpg
20260704_113139,20202012,/app/anpr_results/crops/20260704_113139_3564_0_0.jpg,/app/anpr_results/frames/20260704_113139_3564_0_0.jpg
20260704_113139,20202020202,/app/anpr_results/crops/20260704_113139_3565_0_0.jpg,/app/anpr_results/frames/20260704_113139_3565_0_0.jpg
20260704_113139,202020202,/app/anpr_results/crops/20260704_113139_3566_0_0.jpg,/app/anpr_results/frames/20260704_113139_3566_0_0.jpg
20260704_113139,2020202,/app/anpr_results/crops/20260704_113139_3567_0_0.jpg,/app/anpr_results/frames/20260704_113139_3567_0_0.jpg
20260704_113140,02020202,/app/anpr_results/crops/20260704_113140_3570_0_0.jpg,/app/anpr_results/frames/20260704_113140_3570_0_0.jpg
20260704_113140,2020202,/app/anpr_results/crops/20260704_113140_3571_0_0.jpg,/app/anpr_results/frames/20260704_113140_3571_0_0.jpg
20260704_113140,2020204,/app/anpr_results/crops/20260704_113140_3573_0_0.jpg,/app/anpr_results/frames/20260704_113140_3573_0_0.jpg
20260704_113141,20202020204,/app/anpr_results/crops/20260704_113141_3574_0_0.jpg,/app/anpr_results/frames/20260704_113141_3574_0_0.jpg
20260704_113141,20204,/app/anpr_results/crops/20260704_113141_3575_0_0.jpg,/app/anpr_results/frames/20260704_113141_3575_0_0.jpg
20260704_113141,202020202,/app/anpr_results/crops/20260704_113141_3576_0_0.jpg,/app/anpr_results/frames/20260704_113141_3576_0_0.jpg
20260704_113141,2020204,/app/anpr_results/crops/20260704_113141_3578_0_0.jpg,/app/anpr_results/frames/20260704_113141_3578_0_0.jpg
20260704_113142,202020202,/app/anpr_results/crops/20260704_113142_3579_0_0.jpg,/app/anpr_results/frames/20260704_113142_3579_0_0.jpg
20260704_113142,2020204,/app/anpr_results/crops/20260704_113142_3580_0_0.jpg,/app/anpr_results/frames/20260704_113142_3580_0_0.jpg
20260704_113142,2020202,/app/anpr_results/crops/20260704_113142_3581_0_0.jpg,/app/anpr_results/frames/20260704_113142_3581_0_0.jpg
20260704_113142,02020202,/app/anpr_results/crops/20260704_113142_3582_0_0.jpg,/app/anpr_results/frames/20260704_113142_3582_0_0.jpg
20260704_113142,2020204,/app/anpr_results/crops/20260704_113142_3583_0_0.jpg,/app/anpr_results/frames/20260704_113142_3583_0_0.jpg
20260704_113142,202020202,/app/anpr_results/crops/20260704_113142_3584_0_0.jpg,/app/anpr_results/frames/20260704_113142_3584_0_0.jpg
20260704_113143,202020204,/app/anpr_results/crops/20260704_113143_3585_0_0.jpg,/app/anpr_results/frames/20260704_113143_3585_0_0.jpg
20260704_113143,20202024,/app/anpr_results/crops/20260704_113143_3587_0_0.jpg,/app/anpr_results/frames/20260704_113143_3587_0_0.jpg
20260704_113143,20202,/app/anpr_results/crops/20260704_113143_3588_0_0.jpg,/app/anpr_results/frames/20260704_113143_3588_0_0.jpg
20260704_113144,2020202,/app/anpr_results/crops/20260704_113144_3590_0_0.jpg,/app/anpr_results/frames/20260704_113144_3590_0_0.jpg
20260704_113144,202020202,/app/anpr_results/crops/20260704_113144_3591_0_0.jpg,/app/anpr_results/frames/20260704_113144_3591_0_0.jpg
20260704_113144,2020202,/app/anpr_results/crops/20260704_113144_3592_0_0.jpg,/app/anpr_results/frames/20260704_113144_3592_0_0.jpg
20260704_113144,20202020204,/app/anpr_results/crops/20260704_113144_3593_0_0.jpg,/app/anpr_results/frames/20260704_113144_3593_0_0.jpg
20260704_113144,202020204,/app/anpr_results/crops/20260704_113144_3594_0_0.jpg,/app/anpr_results/frames/20260704_113144_3594_0_0.jpg
20260704_113145,202020212,/app/anpr_results/crops/20260704_113145_3595_0_0.jpg,/app/anpr_results/frames/20260704_113145_3595_0_0.jpg
20260704_113145,20204,/app/anpr_results/crops/20260704_113145_3596_0_0.jpg,/app/anpr_results/frames/20260704_113145_3596_0_0.jpg
20260704_113145,2020204,/app/anpr_results/crops/20260704_113145_3597_0_0.jpg,/app/anpr_results/frames/20260704_113145_3597_0_0.jpg
20260704_113145,202020204,/app/anpr_results/crops/20260704_113145_3598_0_0.jpg,/app/anpr_results/frames/20260704_113145_3598_0_0.jpg
20260704_113146,202,/app/anpr_results/crops/20260704_113146_3600_0_0.jpg,/app/anpr_results/frames/20260704_113146_3600_0_0.jpg
20260704_113146,2020202,/app/anpr_results/crops/20260704_113146_3601_0_0.jpg,/app/anpr_results/frames/20260704_113146_3601_0_0.jpg
20260704_113146,20202020204,/app/anpr_results/crops/20260704_113146_3602_0_0.jpg,/app/anpr_results/frames/20260704_113146_3602_0_0.jpg
20260704_113146,2020204,/app/anpr_results/crops/20260704_113146_3603_0_0.jpg,/app/anpr_results/frames/20260704_113146_3603_0_0.jpg
20260704_113146,202020202,/app/anpr_results/crops/20260704_113146_3604_0_0.jpg,/app/anpr_results/frames/20260704_113146_3604_0_0.jpg
20260704_113147,202020204,/app/anpr_results/crops/20260704_113147_3607_0_0.jpg,/app/anpr_results/frames/20260704_113147_3607_0_0.jpg
20260704_113147,2020204,/app/anpr_results/crops/20260704_113147_3608_0_0.jpg,/app/anpr_results/frames/20260704_113147_3608_0_0.jpg
20260704_113147,20204,/app/anpr_results/crops/20260704_113147_3609_0_0.jpg,/app/anpr_results/frames/20260704_113147_3609_0_0.jpg
20260704_113147,202020204,/app/anpr_results/crops/20260704_113147_3610_0_0.jpg,/app/anpr_results/frames/20260704_113147_3610_0_0.jpg
20260704_113148,0202020202,/app/anpr_results/crops/20260704_113148_3611_0_0.jpg,/app/anpr_results/frames/20260704_113148_3611_0_0.jpg
20260704_113148,20202020202,/app/anpr_results/crops/20260704_113148_3612_0_0.jpg,/app/anpr_results/frames/20260704_113148_3612_0_0.jpg
20260704_113148,2020204,/app/anpr_results/crops/20260704_113148_3613_0_0.jpg,/app/anpr_results/frames/20260704_113148_3613_0_0.jpg
20260704_113148,20204,/app/anpr_results/crops/20260704_113148_3614_0_0.jpg,/app/anpr_results/frames/20260704_113148_3614_0_0.jpg
20260704_113149,202020212,/app/anpr_results/crops/20260704_113149_3618_0_0.jpg,/app/anpr_results/frames/20260704_113149_3618_0_0.jpg
20260704_113149,202020202,/app/anpr_results/crops/20260704_113149_3619_0_0.jpg,/app/anpr_results/frames/20260704_113149_3619_0_0.jpg
20260704_113149,20204,/app/anpr_results/crops/20260704_113149_3620_0_0.jpg,/app/anpr_results/frames/20260704_113149_3620_0_0.jpg
20260704_113150,20202020202,/app/anpr_results/crops/20260704_113150_3622_0_0.jpg,/app/anpr_results/frames/20260704_113150_3622_0_0.jpg
20260704_113150,20202020204,/app/anpr_results/crops/20260704_113150_3623_0_0.jpg,/app/anpr_results/frames/20260704_113150_3623_0_0.jpg
20260704_113150,20202020202,/app/anpr_results/crops/20260704_113150_3624_0_0.jpg,/app/anpr_results/frames/20260704_113150_3624_0_0.jpg
20260704_113225,20202,/app/anpr_results/crops/20260704_113225_4177_0_0.jpg,/app/anpr_results/frames/20260704_113225_4177_0_0.jpg
20260704_113225,2020204,/app/anpr_results/crops/20260704_113225_4178_0_0.jpg,/app/anpr_results/frames/20260704_113225_4178_0_0.jpg
20260704_113226,0202020204,/app/anpr_results/crops/20260704_113226_4179_0_0.jpg,/app/anpr_results/frames/20260704_113226_4179_0_0.jpg
20260704_113226,20202020202,/app/anpr_results/crops/20260704_113226_4180_0_0.jpg,/app/anpr_results/frames/20260704_113226_4180_0_0.jpg
20260704_113226,0202020204,/app/anpr_results/crops/20260704_113226_4181_0_0.jpg,/app/anpr_results/frames/20260704_113226_4181_0_0.jpg
20260704_113227,204,/app/anpr_results/crops/20260704_113227_4187_0_0.jpg,/app/anpr_results/frames/20260704_113227_4187_0_0.jpg
20260704_113230,2804,/app/anpr_results/crops/20260704_113230_4207_0_0.jpg,/app/anpr_results/frames/20260704_113230_4207_0_0.jpg
20260704_113230,204,/app/anpr_results/crops/20260704_113230_4208_0_0.jpg,/app/anpr_results/frames/20260704_113230_4208_0_0.jpg
20260704_113234,28304,/app/anpr_results/crops/20260704_113234_4229_0_0.jpg,/app/anpr_results/frames/20260704_113234_4229_0_0.jpg
20260704_113234,204,/app/anpr_results/crops/20260704_113234_4230_0_0.jpg,/app/anpr_results/frames/20260704_113234_4230_0_0.jpg
20260704_113235,2804,/app/anpr_results/crops/20260704_113235_4239_0_0.jpg,/app/anpr_results/frames/20260704_113235_4239_0_0.jpg
20260704_113235,204,/app/anpr_results/crops/20260704_113235_4240_0_0.jpg,/app/anpr_results/frames/20260704_113235_4240_0_0.jpg
20260704_113240,2054,/app/anpr_results/crops/20260704_113240_4268_0_0.jpg,/app/anpr_results/frames/20260704_113240_4268_0_0.jpg
20260704_113240,204,/app/anpr_results/crops/20260704_113240_4269_0_0.jpg,/app/anpr_results/frames/20260704_113240_4269_0_0.jpg
20260704_113245,2054,/app/anpr_results/crops/20260704_113245_4301_0_0.jpg,/app/anpr_results/frames/20260704_113245_4301_0_0.jpg
20260704_113245,204,/app/anpr_results/crops/20260704_113245_4303_0_0.jpg,/app/anpr_results/frames/20260704_113245_4303_0_0.jpg
20260704_113258,204,/app/anpr_results/crops/20260704_113258_4405_0_0.jpg,/app/anpr_results/frames/20260704_113258_4405_0_0.jpg
20260704_113259,2804,/app/anpr_results/crops/20260704_113259_4406_0_0.jpg,/app/anpr_results/frames/20260704_113259_4406_0_0.jpg
20260704_113259,20,/app/anpr_results/crops/20260704_113259_4410_0_0.jpg,/app/anpr_results/frames/20260704_113259_4410_0_0.jpg
20260704_113300,204,/app/anpr_results/crops/20260704_113300_4412_0_0.jpg,/app/anpr_results/frames/20260704_113300_4412_0_0.jpg
20260704_113302,20804,/app/anpr_results/crops/20260704_113302_4430_0_0.jpg,/app/anpr_results/frames/20260704_113302_4430_0_0.jpg
20260704_113303,2054,/app/anpr_results/crops/20260704_113303_4437_0_0.jpg,/app/anpr_results/frames/20260704_113303_4437_0_0.jpg
20260704_113304,204,/app/anpr_results/crops/20260704_113304_4438_0_0.jpg,/app/anpr_results/frames/20260704_113304_4438_0_0.jpg
20260704_113306,2804,/app/anpr_results/crops/20260704_113306_4454_0_0.jpg,/app/anpr_results/frames/20260704_113306_4454_0_0.jpg
20260704_113306,204,/app/anpr_results/crops/20260704_113306_4456_0_0.jpg,/app/anpr_results/frames/20260704_113306_4456_0_0.jpg
20260704_113309,20,/app/anpr_results/crops/20260704_113309_4478_0_0.jpg,/app/anpr_results/frames/20260704_113309_4478_0_0.jpg
20260704_113310,204,/app/anpr_results/crops/20260704_113310_4479_0_0.jpg,/app/anpr_results/frames/20260704_113310_4479_0_0.jpg
20260704_113311,2804,/app/anpr_results/crops/20260704_113311_4487_0_0.jpg,/app/anpr_results/frames/20260704_113311_4487_0_0.jpg
20260704_113312,204,/app/anpr_results/crops/20260704_113312_4492_0_0.jpg,/app/anpr_results/frames/20260704_113312_4492_0_0.jpg
20260704_113315,2804,/app/anpr_results/crops/20260704_113315_4511_0_0.jpg,/app/anpr_results/frames/20260704_113315_4511_0_0.jpg
20260704_113316,2054,/app/anpr_results/crops/20260704_113316_4518_0_0.jpg,/app/anpr_results/frames/20260704_113316_4518_0_0.jpg
20260704_113316,283054,/app/anpr_results/crops/20260704_113316_4522_0_0.jpg,/app/anpr_results/frames/20260704_113316_4522_0_0.jpg
20260704_113318,2804,/app/anpr_results/crops/20260704_113318_4534_0_0.jpg,/app/anpr_results/frames/20260704_113318_4534_0_0.jpg
20260704_113320,204,/app/anpr_results/crops/20260704_113320_4545_0_0.jpg,/app/anpr_results/frames/20260704_113320_4545_0_0.jpg
20260704_113321,2804,/app/anpr_results/crops/20260704_113321_4551_0_0.jpg,/app/anpr_results/frames/20260704_113321_4551_0_0.jpg
20260704_113321,204,/app/anpr_results/crops/20260704_113321_4554_0_0.jpg,/app/anpr_results/frames/20260704_113321_4554_0_0.jpg
20260704_113325,208304,/app/anpr_results/crops/20260704_113325_4574_0_0.jpg,/app/anpr_results/frames/20260704_113325_4574_0_0.jpg
20260704_113327,204,/app/anpr_results/crops/20260704_113327_4585_0_0.jpg,/app/anpr_results/frames/20260704_113327_4585_0_0.jpg
20260704_113328,2804,/app/anpr_results/crops/20260704_113328_4592_0_0.jpg,/app/anpr_results/frames/20260704_113328_4592_0_0.jpg
20260704_113328,2054,/app/anpr_results/crops/20260704_113328_4594_0_0.jpg,/app/anpr_results/frames/20260704_113328_4594_0_0.jpg
20260704_113328,204,/app/anpr_results/crops/20260704_113328_4595_0_0.jpg,/app/anpr_results/frames/20260704_113328_4595_0_0.jpg
20260704_113329,283-E-04,/app/anpr_results/crops/20260704_113329_4597_0_0.jpg,/app/anpr_results/frames/20260704_113329_4597_0_0.jpg
20260704_113330,2804,/app/anpr_results/crops/20260704_113330_4602_0_0.jpg,/app/anpr_results/frames/20260704_113330_4602_0_0.jpg
20260704_113330,204,/app/anpr_results/crops/20260704_113330_4604_0_0.jpg,/app/anpr_results/frames/20260704_113330_4604_0_0.jpg
20260704_113332,2804,/app/anpr_results/crops/20260704_113332_4614_0_0.jpg,/app/anpr_results/frames/20260704_113332_4614_0_0.jpg
20260704_113332,283-E-04,/app/anpr_results/crops/20260704_113332_4616_0_0.jpg,/app/anpr_results/frames/20260704_113332_4616_0_0.jpg
20260704_113332,204,/app/anpr_results/crops/20260704_113332_4617_0_0.jpg,/app/anpr_results/frames/20260704_113332_4617_0_0.jpg
20260704_113333,28304,/app/anpr_results/crops/20260704_113333_4618_0_0.jpg,/app/anpr_results/frames/20260704_113333_4618_0_0.jpg
20260704_113333,204,/app/anpr_results/crops/20260704_113333_4621_0_0.jpg,/app/anpr_results/frames/20260704_113333_4621_0_0.jpg
20260704_113334,2804,/app/anpr_results/crops/20260704_113334_4626_0_0.jpg,/app/anpr_results/frames/20260704_113334_4626_0_0.jpg
20260704_113335,20804,/app/anpr_results/crops/20260704_113335_4631_0_0.jpg,/app/anpr_results/frames/20260704_113335_4631_0_0.jpg
20260704_113335,2804,/app/anpr_results/crops/20260704_113335_4632_0_0.jpg,/app/anpr_results/frames/20260704_113335_4632_0_0.jpg
20260704_113335,204,/app/anpr_results/crops/20260704_113335_4633_0_0.jpg,/app/anpr_results/frames/20260704_113335_4633_0_0.jpg
20260704_113342,2804,/app/anpr_results/crops/20260704_113342_4677_0_0.jpg,/app/anpr_results/frames/20260704_113342_4677_0_0.jpg
20260704_113344,28054,/app/anpr_results/crops/20260704_113344_4688_0_0.jpg,/app/anpr_results/frames/20260704_113344_4688_0_0.jpg
20260704_113344,2804,/app/anpr_results/crops/20260704_113344_4690_0_0.jpg,/app/anpr_results/frames/20260704_113344_4690_0_0.jpg
20260704_113344,28304,/app/anpr_results/crops/20260704_113344_4691_0_0.jpg,/app/anpr_results/frames/20260704_113344_4691_0_0.jpg
20260704_113344,283-E-04,/app/anpr_results/crops/20260704_113344_4692_0_0.jpg,/app/anpr_results/frames/20260704_113344_4692_0_0.jpg
20260704_113345,204,/app/anpr_results/crops/20260704_113345_4693_0_0.jpg,/app/anpr_results/frames/20260704_113345_4693_0_0.jpg
20260704_113345,28304,/app/anpr_results/crops/20260704_113345_4697_0_0.jpg,/app/anpr_results/frames/20260704_113345_4697_0_0.jpg
20260704_113345,2804,/app/anpr_results/crops/20260704_113345_4698_0_0.jpg,/app/anpr_results/frames/20260704_113345_4698_0_0.jpg
20260704_113347,28304,/app/anpr_results/crops/20260704_113347_4705_0_0.jpg,/app/anpr_results/frames/20260704_113347_4705_0_0.jpg
20260704_113347,204,/app/anpr_results/crops/20260704_113347_4707_0_0.jpg,/app/anpr_results/frames/20260704_113347_4707_0_0.jpg
20260704_113349,28304,/app/anpr_results/crops/20260704_113349_4719_0_0.jpg,/app/anpr_results/frames/20260704_113349_4719_0_0.jpg
20260704_113350,204,/app/anpr_results/crops/20260704_113350_4723_0_0.jpg,/app/anpr_results/frames/20260704_113350_4723_0_0.jpg
20260704_113350,28304,/app/anpr_results/crops/20260704_113350_4726_0_0.jpg,/app/anpr_results/frames/20260704_113350_4726_0_0.jpg
20260704_113350,204,/app/anpr_results/crops/20260704_113350_4727_0_0.jpg,/app/anpr_results/frames/20260704_113350_4727_0_0.jpg
20260704_113351,28304,/app/anpr_results/crops/20260704_113351_4730_0_0.jpg,/app/anpr_results/frames/20260704_113351_4730_0_0.jpg
20260704_113351,204,/app/anpr_results/crops/20260704_113351_4731_0_0.jpg,/app/anpr_results/frames/20260704_113351_4731_0_0.jpg
20260704_113353,2804,/app/anpr_results/crops/20260704_113353_4743_0_0.jpg,/app/anpr_results/frames/20260704_113353_4743_0_0.jpg
20260704_113353,204,/app/anpr_results/crops/20260704_113353_4745_0_0.jpg,/app/anpr_results/frames/20260704_113353_4745_0_0.jpg
20260704_113355,28304,/app/anpr_results/crops/20260704_113355_4754_0_0.jpg,/app/anpr_results/frames/20260704_113355_4754_0_0.jpg
20260704_113355,204,/app/anpr_results/crops/20260704_113355_4757_0_0.jpg,/app/anpr_results/frames/20260704_113355_4757_0_0.jpg
20260704_113356,20204,/app/anpr_results/crops/20260704_113356_4766_0_0.jpg,/app/anpr_results/frames/20260704_113356_4766_0_0.jpg
20260704_113357,204,/app/anpr_results/crops/20260704_113357_4768_0_0.jpg,/app/anpr_results/frames/20260704_113357_4768_0_0.jpg
20260704_113357,2804,/app/anpr_results/crops/20260704_113357_4770_0_0.jpg,/app/anpr_results/frames/20260704_113357_4770_0_0.jpg
20260704_113357,204,/app/anpr_results/crops/20260704_113357_4771_0_0.jpg,/app/anpr_results/frames/20260704_113357_4771_0_0.jpg
20260704_113357,2804,/app/anpr_results/crops/20260704_113357_4772_0_0.jpg,/app/anpr_results/frames/20260704_113357_4772_0_0.jpg
20260704_113357,204,/app/anpr_results/crops/20260704_113357_4773_0_0.jpg,/app/anpr_results/frames/20260704_113357_4773_0_0.jpg
20260704_113400,20,/app/anpr_results/crops/20260704_113400_4796_0_0.jpg,/app/anpr_results/frames/20260704_113400_4796_0_0.jpg
20260704_113400,204,/app/anpr_results/crops/20260704_113400_4797_0_0.jpg,/app/anpr_results/frames/20260704_113400_4797_0_0.jpg
20260704_113401,2804,/app/anpr_results/crops/20260704_113401_4800_0_0.jpg,/app/anpr_results/frames/20260704_113401_4800_0_0.jpg
20260704_113402,20804,/app/anpr_results/crops/20260704_113402_4807_0_0.jpg,/app/anpr_results/frames/20260704_113402_4807_0_0.jpg
20260704_113404,204,/app/anpr_results/crops/20260704_113404_4823_0_0.jpg,/app/anpr_results/frames/20260704_113404_4823_0_0.jpg
20260704_113406,28054,/app/anpr_results/crops/20260704_113406_4834_0_0.jpg,/app/anpr_results/frames/20260704_113406_4834_0_0.jpg
20260704_113408,204,/app/anpr_results/crops/20260704_113408_4843_0_0.jpg,/app/anpr_results/frames/20260704_113408_4843_0_0.jpg
20260704_113418,204,/app/anpr_results/crops/20260704_113418_4906_0_0.jpg,/app/anpr_results/frames/20260704_113418_4906_0_0.jpg
20260704_113427,20,/app/anpr_results/crops/20260704_113427_4962_0_0.jpg,/app/anpr_results/frames/20260704_113427_4962_0_0.jpg
20260704_113428,204,/app/anpr_results/crops/20260704_113428_4966_0_0.jpg,/app/anpr_results/frames/20260704_113428_4966_0_0.jpg
20260704_113438,204,/app/anpr_results/crops/20260704_113438_5027_0_0.jpg,/app/anpr_results/frames/20260704_113438_5027_0_0.jpg
20260704_113448,204,/app/anpr_results/crops/20260704_113448_5088_0_0.jpg,/app/anpr_results/frames/20260704_113448_5088_0_0.jpg
20260704_113449,20,/app/anpr_results/crops/20260704_113449_5090_0_0.jpg,/app/anpr_results/frames/20260704_113449_5090_0_0.jpg
20260704_113449,204,/app/anpr_results/crops/20260704_113449_5091_0_0.jpg,/app/anpr_results/frames/20260704_113449_5091_0_0.jpg
20260704_113449,20,/app/anpr_results/crops/20260704_113449_5092_0_0.jpg,/app/anpr_results/frames/20260704_113449_5092_0_0.jpg
20260704_113449,204,/app/anpr_results/crops/20260704_113449_5094_0_0.jpg,/app/anpr_results/frames/20260704_113449_5094_0_0.jpg
20260704_113452,302-E-0,/app/anpr_results/crops/20260704_113452_5107_2_0.jpg,/app/anpr_results/frames/20260704_113452_5107_2_0.jpg
20260704_113452,204,/app/anpr_results/crops/20260704_113452_5108_0_0.jpg,/app/anpr_results/frames/20260704_113452_5108_0_0.jpg
20260704_113454,2804,/app/anpr_results/crops/20260704_113454_5119_0_0.jpg,/app/anpr_results/frames/20260704_113454_5119_0_0.jpg
20260704_113454,204,/app/anpr_results/crops/20260704_113454_5120_0_0.jpg,/app/anpr_results/frames/20260704_113454_5120_0_0.jpg
20260704_113504,204,/app/anpr_results/crops/20260704_113504_5208_0_0.jpg,/app/anpr_results/frames/20260704_113504_5208_0_0.jpg
20260704_113513,2054,/app/anpr_results/crops/20260704_113513_5258_1_0.jpg,/app/anpr_results/frames/20260704_113513_5258_1_0.jpg
20260704_113513,02E,/app/anpr_results/crops/20260704_113513_5258_2_0.jpg,/app/anpr_results/frames/20260704_113513_5258_2_0.jpg
20260704_113514,204,/app/anpr_results/crops/20260704_113514_5262_0_0.jpg,/app/anpr_results/frames/20260704_113514_5262_0_0.jpg
20260704_113514,20,/app/anpr_results/crops/20260704_113514_5263_0_0.jpg,/app/anpr_results/frames/20260704_113514_5263_0_0.jpg
20260704_113514,204,/app/anpr_results/crops/20260704_113514_5264_0_0.jpg,/app/anpr_results/frames/20260704_113514_5264_0_0.jpg
20260704_113515,283-E-054,/app/anpr_results/crops/20260704_113515_5266_2_0.jpg,/app/anpr_results/frames/20260704_113515_5266_2_0.jpg
20260704_113515,204,/app/anpr_results/crops/20260704_113515_5270_1_0.jpg,/app/anpr_results/frames/20260704_113515_5270_1_0.jpg
20260704_113516,2E02E,/app/anpr_results/crops/20260704_113516_5270_2_0.jpg,/app/anpr_results/frames/20260704_113516_5270_2_0.jpg
20260704_113516,204,/app/anpr_results/crops/20260704_113516_5272_0_0.jpg,/app/anpr_results/frames/20260704_113516_5272_0_0.jpg
20260704_113517,02-E-2,/app/anpr_results/crops/20260704_113517_5277_2_0.jpg,/app/anpr_results/frames/20260704_113517_5277_2_0.jpg
20260704_113518,204,/app/anpr_results/crops/20260704_113518_5280_2_0.jpg,/app/anpr_results/frames/20260704_113518_5280_2_0.jpg
20260704_113519,20,/app/anpr_results/crops/20260704_113519_5288_0_0.jpg,/app/anpr_results/frames/20260704_113519_5288_0_0.jpg
20260704_113520,204,/app/anpr_results/crops/20260704_113520_5295_0_0.jpg,/app/anpr_results/frames/20260704_113520_5295_0_0.jpg
20260704_113521,20,/app/anpr_results/crops/20260704_113521_5299_0_0.jpg,/app/anpr_results/frames/20260704_113521_5299_0_0.jpg
20260704_113521,204,/app/anpr_results/crops/20260704_113521_5300_0_0.jpg,/app/anpr_results/frames/20260704_113521_5300_0_0.jpg
20260704_113522,20,/app/anpr_results/crops/20260704_113522_5304_0_0.jpg,/app/anpr_results/frames/20260704_113522_5304_0_0.jpg
20260704_113525,204,/app/anpr_results/crops/20260704_113525_5322_0_0.jpg,/app/anpr_results/frames/20260704_113525_5322_0_0.jpg
20260704_113526,2054,/app/anpr_results/crops/20260704_113526_5324_0_0.jpg,/app/anpr_results/frames/20260704_113526_5324_0_0.jpg
20260704_113526,204,/app/anpr_results/crops/20260704_113526_5326_0_0.jpg,/app/anpr_results/frames/20260704_113526_5326_0_0.jpg
20260704_113528,20,/app/anpr_results/crops/20260704_113528_5338_0_0.jpg,/app/anpr_results/frames/20260704_113528_5338_0_0.jpg
20260704_113529,204,/app/anpr_results/crops/20260704_113529_5339_0_0.jpg,/app/anpr_results/frames/20260704_113529_5339_0_0.jpg
20260704_113534,20,/app/anpr_results/crops/20260704_113534_5369_0_0.jpg,/app/anpr_results/frames/20260704_113534_5369_0_0.jpg
20260704_113535,204,/app/anpr_results/crops/20260704_113535_5373_0_0.jpg,/app/anpr_results/frames/20260704_113535_5373_0_0.jpg
20260704_113536,20,/app/anpr_results/crops/20260704_113536_5380_0_0.jpg,/app/anpr_results/frames/20260704_113536_5380_0_0.jpg
20260704_113537,204,/app/anpr_results/crops/20260704_113537_5381_0_0.jpg,/app/anpr_results/frames/20260704_113537_5381_0_0.jpg
20260704_113537,20,/app/anpr_results/crops/20260704_113537_5386_0_0.jpg,/app/anpr_results/frames/20260704_113537_5386_0_0.jpg
20260704_113538,204,/app/anpr_results/crops/20260704_113538_5387_0_0.jpg,/app/anpr_results/frames/20260704_113538_5387_0_0.jpg
20260704_113542,20,/app/anpr_results/crops/20260704_113542_5411_0_0.jpg,/app/anpr_results/frames/20260704_113542_5411_0_0.jpg
20260704_113542,204,/app/anpr_results/crops/20260704_113542_5412_0_0.jpg,/app/anpr_results/frames/20260704_113542_5412_0_0.jpg
20260704_113553,204,/app/anpr_results/crops/20260704_113553_5467_0_0.jpg,/app/anpr_results/frames/20260704_113553_5467_0_0.jpg
20260704_113554,20,/app/anpr_results/crops/20260704_113554_5474_0_0.jpg,/app/anpr_results/frames/20260704_113554_5474_0_0.jpg
20260704_113555,204,/app/anpr_results/crops/20260704_113555_5480_0_0.jpg,/app/anpr_results/frames/20260704_113555_5480_0_0.jpg
20260704_113557,20,/app/anpr_results/crops/20260704_113557_5489_0_0.jpg,/app/anpr_results/frames/20260704_113557_5489_0_0.jpg
20260704_113557,204,/app/anpr_results/crops/20260704_113557_5490_0_0.jpg,/app/anpr_results/frames/20260704_113557_5490_0_0.jpg
20260704_113600,2054,/app/anpr_results/crops/20260704_113600_5503_0_0.jpg,/app/anpr_results/frames/20260704_113600_5503_0_0.jpg
20260704_113600,E02,/app/anpr_results/crops/20260704_113600_5503_1_0.jpg,/app/anpr_results/frames/20260704_113600_5503_1_0.jpg
20260704_113600,204,/app/anpr_results/crops/20260704_113600_5504_0_0.jpg,/app/anpr_results/frames/20260704_113600_5504_0_0.jpg
20260704_113600,2E02,/app/anpr_results/crops/20260704_113600_5504_2_0.jpg,/app/anpr_results/frames/20260704_113600_5504_2_0.jpg
20260704_113600,2804,/app/anpr_results/crops/20260704_113600_5505_0_0.jpg,/app/anpr_results/frames/20260704_113600_5505_0_0.jpg
20260704_113600,204,/app/anpr_results/crops/20260704_113600_5506_0_0.jpg,/app/anpr_results/frames/20260704_113600_5506_0_0.jpg
20260704_113721,28054,/app/anpr_results/crops/20260704_113721_6025_1_0.jpg,/app/anpr_results/frames/20260704_113721_6025_1_0.jpg
20260704_113721,28304,/app/anpr_results/crops/20260704_113721_6026_0_0.jpg,/app/anpr_results/frames/20260704_113721_6026_0_0.jpg
20260704_113721,204,/app/anpr_results/crops/20260704_113721_6028_0_0.jpg,/app/anpr_results/frames/20260704_113721_6028_0_0.jpg
20260704_113741,202,/app/anpr_results/crops/20260704_113741_6168_0_0.jpg,/app/anpr_results/frames/20260704_113741_6168_0_0.jpg
20260704_113741,204,/app/anpr_results/crops/20260704_113741_6170_1_0.jpg,/app/anpr_results/frames/20260704_113741_6170_1_0.jpg
20260704_114135,2054,/app/anpr_results/crops/20260704_114135_8069_3_0.jpg,/app/anpr_results/frames/20260704_114135_8069_3_0.jpg
20260704_114508,204,/app/anpr_results/crops/20260704_114508_10060_0_0.jpg,/app/anpr_results/frames/20260704_114508_10060_0_0.jpg
20260704_114508,2054,/app/anpr_results/crops/20260704_114508_10061_1_0.jpg,/app/anpr_results/frames/20260704_114508_10061_1_0.jpg
20260704_114548,2054,/app/anpr_results/crops/20260704_114548_10347_0_0.jpg,/app/anpr_results/frames/20260704_114548_10347_0_0.jpg
20260705_115556,20204,/app/anpr_results/crops/20260705_115556_6300_1_0.jpg,/app/anpr_results/frames/20260705_115556_6300_1_0.jpg
20260705_115635,204,/app/anpr_results/crops/20260705_115635_6544_3_0.jpg,/app/anpr_results/frames/20260705_115635_6544_3_0.jpg
20260705_115722,20202012,/app/anpr_results/crops/20260705_115722_6942_0_0.jpg,/app/anpr_results/frames/20260705_115722_6942_0_0.jpg
20260705_115744,20204,/app/anpr_results/crops/20260705_115744_7147_0_0.jpg,/app/anpr_results/frames/20260705_115744_7147_0_0.jpg
20260705_115858,20202,/app/anpr_results/crops/20260705_115858_7532_2_0.jpg,/app/anpr_results/frames/20260705_115858_7532_2_0.jpg
20260705_115858,202,/app/anpr_results/crops/20260705_115858_7534_1_0.jpg,/app/anpr_results/frames/20260705_115858_7534_1_0.jpg
20260705_115904,2020204,/app/anpr_results/crops/20260705_115904_7567_0_0.jpg,/app/anpr_results/frames/20260705_115904_7567_0_0.jpg
20260705_115904,2054,/app/anpr_results/crops/20260705_115904_7569_0_0.jpg,/app/anpr_results/frames/20260705_115904_7569_0_0.jpg
20260705_115905,2020204,/app/anpr_results/crops/20260705_115905_7573_0_0.jpg,/app/anpr_results/frames/20260705_115905_7573_0_0.jpg
20260705_115905,20204,/app/anpr_results/crops/20260705_115905_7574_0_0.jpg,/app/anpr_results/frames/20260705_115905_7574_0_0.jpg
20260705_115905,202024,/app/anpr_results/crops/20260705_115905_7577_0_0.jpg,/app/anpr_results/frames/20260705_115905_7577_0_0.jpg
20260705_115906,204,/app/anpr_results/crops/20260705_115906_7581_0_0.jpg,/app/anpr_results/frames/20260705_115906_7581_0_0.jpg
20260705_115956,20804,/app/anpr_results/crops/20260705_115956_7963_1_0.jpg,/app/anpr_results/frames/20260705_115956_7963_1_0.jpg
20260705_115956,2804,/app/anpr_results/crops/20260705_115956_7964_0_0.jpg,/app/anpr_results/frames/20260705_115956_7964_0_0.jpg
20260705_115957,20,/app/anpr_results/crops/20260705_115957_7970_4_0.jpg,/app/anpr_results/frames/20260705_115957_7970_4_0.jpg
20260705_120115,204,/app/anpr_results/crops/20260705_120115_8405_0_0.jpg,/app/anpr_results/frames/20260705_120115_8405_0_0.jpg
20260705_120347,202,/app/anpr_results/crops/20260705_120347_9753_1_0.jpg,/app/anpr_results/frames/20260705_120347_9753_1_0.jpg
20260705_120719,202,/app/anpr_results/crops/20260705_120719_12404_0_0.jpg,/app/anpr_results/frames/20260705_120719_12404_0_0.jpg
20260705_120721,202012,/app/anpr_results/crops/20260705_120721_12424_0_0.jpg,/app/anpr_results/frames/20260705_120721_12424_0_0.jpg
20260705_120721,20202,/app/anpr_results/crops/20260705_120721_12425_0_0.jpg,/app/anpr_results/frames/20260705_120721_12425_0_0.jpg
20260705_120721,20212,/app/anpr_results/crops/20260705_120721_12426_1_0.jpg,/app/anpr_results/frames/20260705_120721_12426_1_0.jpg
20260705_120755,202,/app/anpr_results/crops/20260705_120755_12832_0_0.jpg,/app/anpr_results/frames/20260705_120755_12832_0_0.jpg
20260705_120812,202012,/app/anpr_results/crops/20260705_120812_13006_0_0.jpg,/app/anpr_results/frames/20260705_120812_13006_0_0.jpg
20260705_120824,202,/app/anpr_results/crops/20260705_120824_13189_0_0.jpg,/app/anpr_results/frames/20260705_120824_13189_0_0.jpg
20260705_120956,202042,/app/anpr_results/crops/20260705_120956_14304_1_0.jpg,/app/anpr_results/frames/20260705_120956_14304_1_0.jpg
20260705_121055,202,/app/anpr_results/crops/20260705_121055_14992_0_0.jpg,/app/anpr_results/frames/20260705_121055_14992_0_0.jpg
20260705_121142,202020202021,/app/anpr_results/crops/20260705_121142_15519_0_0.jpg,/app/anpr_results/frames/20260705_121142_15519_0_0.jpg
20260705_121148,20212,/app/anpr_results/crops/20260705_121148_15589_0_0.jpg,/app/anpr_results/frames/20260705_121148_15589_0_0.jpg
20260705_121157,20202,/app/anpr_results/crops/20260705_121157_15693_1_0.jpg,/app/anpr_results/frames/20260705_121157_15693_1_0.jpg
20260705_121203,20212,/app/anpr_results/crops/20260705_121203_15774_0_0.jpg,/app/anpr_results/frames/20260705_121203_15774_0_0.jpg
20260705_121206,2020212,/app/anpr_results/crops/20260705_121206_15816_0_0.jpg,/app/anpr_results/frames/20260705_121206_15816_0_0.jpg
20260705_121303,2020212,/app/anpr_results/crops/20260705_121303_16312_0_0.jpg,/app/anpr_results/frames/20260705_121303_16312_0_0.jpg
20260705_121311,20202,/app/anpr_results/crops/20260705_121311_16378_0_0.jpg,/app/anpr_results/frames/20260705_121311_16378_0_0.jpg
20260705_121343,2020212,/app/anpr_results/crops/20260705_121343_16792_0_0.jpg,/app/anpr_results/frames/20260705_121343_16792_0_0.jpg
20260705_121347,202012,/app/anpr_results/crops/20260705_121347_16832_0_0.jpg,/app/anpr_results/frames/20260705_121347_16832_0_0.jpg
20260705_121409,202,/app/anpr_results/crops/20260705_121409_17088_0_0.jpg,/app/anpr_results/frames/20260705_121409_17088_0_0.jpg
20260705_121418,20202,/app/anpr_results/crops/20260705_121418_17201_0_0.jpg,/app/anpr_results/frames/20260705_121418_17201_0_0.jpg
20260705_121512,202,/app/anpr_results/crops/20260705_121512_17852_0_0.jpg,/app/anpr_results/frames/20260705_121512_17852_0_0.jpg
20260705_121540,202012,/app/anpr_results/crops/20260705_121540_18263_0_0.jpg,/app/anpr_results/frames/20260705_121540_18263_0_0.jpg
20260705_121541,20212,/app/anpr_results/crops/20260705_121541_18269_0_0.jpg,/app/anpr_results/frames/20260705_121541_18269_0_0.jpg
20260705_121542,202012,/app/anpr_results/crops/20260705_121542_18298_0_0.jpg,/app/anpr_results/frames/20260705_121542_18298_0_0.jpg
20260705_121543,2042,/app/anpr_results/crops/20260705_121543_18308_0_0.jpg,/app/anpr_results/frames/20260705_121543_18308_0_0.jpg
20260705_121543,202,/app/anpr_results/crops/20260705_121543_18309_0_0.jpg,/app/anpr_results/frames/20260705_121543_18309_0_0.jpg
20260705_121543,20202,/app/anpr_results/crops/20260705_121543_18311_0_0.jpg,/app/anpr_results/frames/20260705_121543_18311_0_0.jpg
20260705_121555,2012,/app/anpr_results/crops/20260705_121555_18474_1_0.jpg,/app/anpr_results/frames/20260705_121555_18474_1_0.jpg
20260705_121555,20202,/app/anpr_results/crops/20260705_121555_18475_0_0.jpg,/app/anpr_results/frames/20260705_121555_18475_0_0.jpg
20260705_121631,2020202,/app/anpr_results/crops/20260705_121631_19003_0_0.jpg,/app/anpr_results/frames/20260705_121631_19003_0_0.jpg
20260705_121631,E04,/app/anpr_results/crops/20260705_121631_19003_1_0.jpg,/app/anpr_results/frames/20260705_121631_19003_1_0.jpg
20260705_121639,2020202,/app/anpr_results/crops/20260705_121639_19095_0_0.jpg,/app/anpr_results/frames/20260705_121639_19095_0_0.jpg
20260705_121644,20202,/app/anpr_results/crops/20260705_121644_19146_1_0.jpg,/app/anpr_results/frames/20260705_121644_19146_1_0.jpg
20260705_121727,2012,/app/anpr_results/crops/20260705_121727_19693_0_0.jpg,/app/anpr_results/frames/20260705_121727_19693_0_0.jpg
20260705_121740,202,/app/anpr_results/crops/20260705_121740_19866_1_0.jpg,/app/anpr_results/frames/20260705_121740_19866_1_0.jpg
20260705_121747,20202,/app/anpr_results/crops/20260705_121747_19924_1_0.jpg,/app/anpr_results/frames/20260705_121747_19924_1_0.jpg
20260705_121844,202,/app/anpr_results/crops/20260705_121844_20675_0_0.jpg,/app/anpr_results/frames/20260705_121844_20675_0_0.jpg
20260705_121857,20202,/app/anpr_results/crops/20260705_121857_20829_0_0.jpg,/app/anpr_results/frames/20260705_121857_20829_0_0.jpg
20260705_121915,202,/app/anpr_results/crops/20260705_121915_21062_1_0.jpg,/app/anpr_results/frames/20260705_121915_21062_1_0.jpg
20260705_121935,202,/app/anpr_results/crops/20260705_121935_21301_1_0.jpg,/app/anpr_results/frames/20260705_121935_21301_1_0.jpg
20260705_121942,20202,/app/anpr_results/crops/20260705_121942_21375_0_0.jpg,/app/anpr_results/frames/20260705_121942_21375_0_0.jpg
20260705_121948,202,/app/anpr_results/crops/20260705_121948_21475_0_0.jpg,/app/anpr_results/frames/20260705_121948_21475_0_0.jpg
20260705_121948,20202,/app/anpr_results/crops/20260705_121948_21478_0_0.jpg,/app/anpr_results/frames/20260705_121948_21478_0_0.jpg
20260705_122005,202,/app/anpr_results/crops/20260705_122005_21641_0_0.jpg,/app/anpr_results/frames/20260705_122005_21641_0_0.jpg
20260705_122016,20202,/app/anpr_results/crops/20260705_122016_21783_0_0.jpg,/app/anpr_results/frames/20260705_122016_21783_0_0.jpg
20260705_122030,20212,/app/anpr_results/crops/20260705_122030_22008_0_0.jpg,/app/anpr_results/frames/20260705_122030_22008_0_0.jpg
20260705_122030,202,/app/anpr_results/crops/20260705_122030_22009_0_0.jpg,/app/anpr_results/frames/20260705_122030_22009_0_0.jpg
20260705_122036,2012,/app/anpr_results/crops/20260705_122036_22081_0_0.jpg,/app/anpr_results/frames/20260705_122036_22081_0_0.jpg
20260705_122049,202012,/app/anpr_results/crops/20260705_122049_22276_0_0.jpg,/app/anpr_results/frames/20260705_122049_22276_0_0.jpg
20260705_122053,2020202,/app/anpr_results/crops/20260705_122053_22339_0_0.jpg,/app/anpr_results/frames/20260705_122053_22339_0_0.jpg
20260705_122053,202012,/app/anpr_results/crops/20260705_122053_22346_0_0.jpg,/app/anpr_results/frames/20260705_122053_22346_0_0.jpg
20260705_122055,202,/app/anpr_results/crops/20260705_122055_22366_0_0.jpg,/app/anpr_results/frames/20260705_122055_22366_0_0.jpg
20260705_122055,20202,/app/anpr_results/crops/20260705_122055_22371_0_0.jpg,/app/anpr_results/frames/20260705_122055_22371_0_0.jpg
20260705_122100,202,/app/anpr_results/crops/20260705_122100_22421_0_0.jpg,/app/anpr_results/frames/20260705_122100_22421_0_0.jpg
20260705_122113,20212,/app/anpr_results/crops/20260705_122113_22584_0_0.jpg,/app/anpr_results/frames/20260705_122113_22584_0_0.jpg
20260705_122114,202,/app/anpr_results/crops/20260705_122114_22597_0_0.jpg,/app/anpr_results/frames/20260705_122114_22597_0_0.jpg
20260705_122114,20202,/app/anpr_results/crops/20260705_122114_22600_0_0.jpg,/app/anpr_results/frames/20260705_122114_22600_0_0.jpg
20260705_122116,2020202,/app/anpr_results/crops/20260705_122116_22622_0_0.jpg,/app/anpr_results/frames/20260705_122116_22622_0_0.jpg
20260705_122116,202,/app/anpr_results/crops/20260705_122116_22623_0_0.jpg,/app/anpr_results/frames/20260705_122116_22623_0_0.jpg
20260705_122117,20202,/app/anpr_results/crops/20260705_122117_22624_0_0.jpg,/app/anpr_results/frames/20260705_122117_22624_0_0.jpg
20260705_122117,202,/app/anpr_results/crops/20260705_122117_22629_0_0.jpg,/app/anpr_results/frames/20260705_122117_22629_0_0.jpg
20260705_122128,20212,/app/anpr_results/crops/20260705_122128_22751_0_0.jpg,/app/anpr_results/frames/20260705_122128_22751_0_0.jpg
20260705_122132,202012,/app/anpr_results/crops/20260705_122132_22794_0_0.jpg,/app/anpr_results/frames/20260705_122132_22794_0_0.jpg
20260705_122145,20202,/app/anpr_results/crops/20260705_122145_22963_0_0.jpg,/app/anpr_results/frames/20260705_122145_22963_0_0.jpg
20260705_122212,202,/app/anpr_results/crops/20260705_122212_23235_0_0.jpg,/app/anpr_results/frames/20260705_122212_23235_0_0.jpg
20260705_122224,202,/app/anpr_results/crops/20260705_122224_23375_1_0.jpg,/app/anpr_results/frames/20260705_122224_23375_1_0.jpg
20260705_122237,20212,/app/anpr_results/crops/20260705_122237_23515_0_0.jpg,/app/anpr_results/frames/20260705_122237_23515_0_0.jpg
20260705_122343,20202020202,/app/anpr_results/crops/20260705_122343_24342_2_0.jpg,/app/anpr_results/frames/20260705_122343_24342_2_0.jpg
20260705_122343,20212,/app/anpr_results/crops/20260705_122343_24344_0_0.jpg,/app/anpr_results/frames/20260705_122343_24344_0_0.jpg
20260705_122343,20202020202,/app/anpr_results/crops/20260705_122343_24345_0_0.jpg,/app/anpr_results/frames/20260705_122343_24345_0_0.jpg
20260705_122343,202020,/app/anpr_results/crops/20260705_122343_24345_2_0.jpg,/app/anpr_results/frames/20260705_122343_24345_2_0.jpg
20260705_122344,202020212,/app/anpr_results/crops/20260705_122344_24346_0_0.jpg,/app/anpr_results/frames/20260705_122344_24346_0_0.jpg
20260705_122344,202,/app/anpr_results/crops/20260705_122344_24346_1_0.jpg,/app/anpr_results/frames/20260705_122344_24346_1_0.jpg
20260705_122344,202020202012,/app/anpr_results/crops/20260705_122344_24347_0_0.jpg,/app/anpr_results/frames/20260705_122344_24347_0_0.jpg
20260705_122344,202E,/app/anpr_results/crops/20260705_122344_24347_1_0.jpg,/app/anpr_results/frames/20260705_122344_24347_1_0.jpg
20260705_122344,202020202,/app/anpr_results/crops/20260705_122344_24348_2_0.jpg,/app/anpr_results/frames/20260705_122344_24348_2_0.jpg
20260705_122518,20204,/app/anpr_results/crops/20260705_122518_24972_2_0.jpg,/app/anpr_results/frames/20260705_122518_24972_2_0.jpg
20260705_122532,2020204,/app/anpr_results/crops/20260705_122532_25051_0_0.jpg,/app/anpr_results/frames/20260705_122532_25051_0_0.jpg
20260705_122532,204,/app/anpr_results/crops/20260705_122532_25053_0_0.jpg,/app/anpr_results/frames/20260705_122532_25053_0_0.jpg
20260705_122532,2020202054,/app/anpr_results/crops/20260705_122532_25054_0_0.jpg,/app/anpr_results/frames/20260705_122532_25054_0_0.jpg
20260705_122533,20204,/app/anpr_results/crops/20260705_122533_25055_0_0.jpg,/app/anpr_results/frames/20260705_122533_25055_0_0.jpg
20260705_122533,204,/app/anpr_results/crops/20260705_122533_25057_0_0.jpg,/app/anpr_results/frames/20260705_122533_25057_0_0.jpg
20260705_125717,2054,/app/anpr_results/crops/20260705_125717_3003_0_0.jpg,/app/anpr_results/frames/20260705_125717_3003_0_0.jpg
20260705_125717,204,/app/anpr_results/crops/20260705_125717_3005_0_0.jpg,/app/anpr_results/frames/20260705_125717_3005_0_0.jpg
20260705_125719,20,/app/anpr_results/crops/20260705_125719_3009_0_0.jpg,/app/anpr_results/frames/20260705_125719_3009_0_0.jpg
20260705_125719,204,/app/anpr_results/crops/20260705_125719_3010_0_0.jpg,/app/anpr_results/frames/20260705_125719_3010_0_0.jpg
20260705_125720,20,/app/anpr_results/crops/20260705_125720_3015_0_0.jpg,/app/anpr_results/frames/20260705_125720_3015_0_0.jpg
20260705_125721,204,/app/anpr_results/crops/20260705_125721_3016_0_0.jpg,/app/anpr_results/frames/20260705_125721_3016_0_0.jpg
20260705_125723,2054,/app/anpr_results/crops/20260705_125723_3028_0_0.jpg,/app/anpr_results/frames/20260705_125723_3028_0_0.jpg
20260705_125724,204,/app/anpr_results/crops/20260705_125724_3029_0_0.jpg,/app/anpr_results/frames/20260705_125724_3029_0_0.jpg
20260705_125731,2054,/app/anpr_results/crops/20260705_125731_3060_1_0.jpg,/app/anpr_results/frames/20260705_125731_3060_1_0.jpg
20260705_125731,204,/app/anpr_results/crops/20260705_125731_3061_0_0.jpg,/app/anpr_results/frames/20260705_125731_3061_0_0.jpg
20260705_125734,2054,/app/anpr_results/crops/20260705_125734_3073_0_0.jpg,/app/anpr_results/frames/20260705_125734_3073_0_0.jpg
20260705_125735,204,/app/anpr_results/crops/20260705_125735_3074_0_0.jpg,/app/anpr_results/frames/20260705_125735_3074_0_0.jpg
20260705_125736,2054,/app/anpr_results/crops/20260705_125736_3078_1_0.jpg,/app/anpr_results/frames/20260705_125736_3078_1_0.jpg
20260705_125736,204,/app/anpr_results/crops/20260705_125736_3079_0_0.jpg,/app/anpr_results/frames/20260705_125736_3079_0_0.jpg
20260705_125744,202,/app/anpr_results/crops/20260705_125744_3111_0_0.jpg,/app/anpr_results/frames/20260705_125744_3111_0_0.jpg
20260705_125744,204,/app/anpr_results/crops/20260705_125744_3112_0_0.jpg,/app/anpr_results/frames/20260705_125744_3112_0_0.jpg
20260705_125837,204,/app/anpr_results/crops/20260705_125837_3389_0_0.jpg,/app/anpr_results/frames/20260705_125837_3389_0_0.jpg
20260705_125838,2E0,/app/anpr_results/crops/20260705_125838_3396_2_0.jpg,/app/anpr_results/frames/20260705_125838_3396_2_0.jpg
20260705_125839,204,/app/anpr_results/crops/20260705_125839_3397_0_0.jpg,/app/anpr_results/frames/20260705_125839_3397_0_0.jpg
20260705_125839,20204,/app/anpr_results/crops/20260705_125839_3402_0_0.jpg,/app/anpr_results/frames/20260705_125839_3402_0_0.jpg
20260705_125843,204,/app/anpr_results/crops/20260705_125843_3432_0_0.jpg,/app/anpr_results/frames/20260705_125843_3432_0_0.jpg
20260705_125845,E054,/app/anpr_results/crops/20260705_125845_3440_1_0.jpg,/app/anpr_results/frames/20260705_125845_3440_1_0.jpg
20260705_125845,204,/app/anpr_results/crops/20260705_125845_3441_0_0.jpg,/app/anpr_results/frames/20260705_125845_3441_0_0.jpg
20260705_125849,20,/app/anpr_results/crops/20260705_125849_3464_0_0.jpg,/app/anpr_results/frames/20260705_125849_3464_0_0.jpg
20260705_125849,204,/app/anpr_results/crops/20260705_125849_3465_0_0.jpg,/app/anpr_results/frames/20260705_125849_3465_0_0.jpg
20260705_125855,20204,/app/anpr_results/crops/20260705_125855_3502_0_0.jpg,/app/anpr_results/frames/20260705_125855_3502_0_0.jpg
20260705_125856,204,/app/anpr_results/crops/20260705_125856_3503_1_0.jpg,/app/anpr_results/frames/20260705_125856_3503_1_0.jpg
20260705_125859,2020204,/app/anpr_results/crops/20260705_125859_3519_1_0.jpg,/app/anpr_results/frames/20260705_125859_3519_1_0.jpg
20260705_125859,204,/app/anpr_results/crops/20260705_125859_3520_1_0.jpg,/app/anpr_results/frames/20260705_125859_3520_1_0.jpg
20260705_125907,2054,/app/anpr_results/crops/20260705_125907_3565_1_0.jpg,/app/anpr_results/frames/20260705_125907_3565_1_0.jpg
20260705_125907,204,/app/anpr_results/crops/20260705_125907_3566_0_0.jpg,/app/anpr_results/frames/20260705_125907_3566_0_0.jpg
20260705_125917,204,/app/anpr_results/crops/20260705_125917_3621_0_0.jpg,/app/anpr_results/frames/20260705_125917_3621_0_0.jpg
20260705_125919,2054,/app/anpr_results/crops/20260705_125919_3634_2_0.jpg,/app/anpr_results/frames/20260705_125919_3634_2_0.jpg
20260705_125919,204,/app/anpr_results/crops/20260705_125919_3636_0_0.jpg,/app/anpr_results/frames/20260705_125919_3636_0_0.jpg
20260705_125923,2054,/app/anpr_results/crops/20260705_125923_3658_0_0.jpg,/app/anpr_results/frames/20260705_125923_3658_0_0.jpg
20260705_125924,202E,/app/anpr_results/crops/20260705_125924_3658_2_0.jpg,/app/anpr_results/frames/20260705_125924_3658_2_0.jpg
20260705_125924,204,/app/anpr_results/crops/20260705_125924_3659_0_0.jpg,/app/anpr_results/frames/20260705_125924_3659_0_0.jpg
20260705_125924,202,/app/anpr_results/crops/20260705_125924_3659_1_0.jpg,/app/anpr_results/frames/20260705_125924_3659_1_0.jpg
20260705_125924,204,/app/anpr_results/crops/20260705_125924_3660_0_0.jpg,/app/anpr_results/frames/20260705_125924_3660_0_0.jpg
20260705_125924,202020,/app/anpr_results/crops/20260705_125924_3662_2_0.jpg,/app/anpr_results/frames/20260705_125924_3662_2_0.jpg
20260705_125925,204,/app/anpr_results/crops/20260705_125925_3663_1_0.jpg,/app/anpr_results/frames/20260705_125925_3663_1_0.jpg
20260705_125925,042-E-0,/app/anpr_results/crops/20260705_125925_3663_2_0.jpg,/app/anpr_results/frames/20260705_125925_3663_2_0.jpg
20260705_125925,204,/app/anpr_results/crops/20260705_125925_3664_1_0.jpg,/app/anpr_results/frames/20260705_125925_3664_1_0.jpg
20260705_125925,202E,/app/anpr_results/crops/20260705_125925_3664_2_0.jpg,/app/anpr_results/frames/20260705_125925_3664_2_0.jpg
20260705_125925,204,/app/anpr_results/crops/20260705_125925_3665_1_0.jpg,/app/anpr_results/frames/20260705_125925_3665_1_0.jpg
20260705_125925,E042E,/app/anpr_results/crops/20260705_125925_3665_2_0.jpg,/app/anpr_results/frames/20260705_125925_3665_2_0.jpg
20260705_125925,204,/app/anpr_results/crops/20260705_125925_3666_1_0.jpg,/app/anpr_results/frames/20260705_125925_3666_1_0.jpg
20260705_125925,2E02E,/app/anpr_results/crops/20260705_125925_3666_2_0.jpg,/app/anpr_results/frames/20260705_125925_3666_2_0.jpg
20260705_125925,204,/app/anpr_results/crops/20260705_125925_3667_1_0.jpg,/app/anpr_results/frames/20260705_125925_3667_1_0.jpg
20260705_130059,20204,/app/anpr_results/crops/20260705_130059_4310_0_0.jpg,/app/anpr_results/frames/20260705_130059_4310_0_0.jpg
20260705_130059,2020204,/app/anpr_results/crops/20260705_130059_4312_0_0.jpg,/app/anpr_results/frames/20260705_130059_4312_0_0.jpg
20260705_130059,202054,/app/anpr_results/crops/20260705_130059_4314_0_0.jpg,/app/anpr_results/frames/20260705_130059_4314_0_0.jpg
20260705_130059,2020204,/app/anpr_results/crops/20260705_130059_4315_0_0.jpg,/app/anpr_results/frames/20260705_130059_4315_0_0.jpg
20260705_130100,20204,/app/anpr_results/crops/20260705_130100_4316_0_0.jpg,/app/anpr_results/frames/20260705_130100_4316_0_0.jpg
20260705_130100,204,/app/anpr_results/crops/20260705_130100_4320_0_0.jpg,/app/anpr_results/frames/20260705_130100_4320_0_0.jpg
20260705_130100,202020204,/app/anpr_results/crops/20260705_130100_4322_0_0.jpg,/app/anpr_results/frames/20260705_130100_4322_0_0.jpg
20260705_130101,204,/app/anpr_results/crops/20260705_130101_4323_0_0.jpg,/app/anpr_results/frames/20260705_130101_4323_0_0.jpg
20260705_130101,20204,/app/anpr_results/crops/20260705_130101_4324_0_0.jpg,/app/anpr_results/frames/20260705_130101_4324_0_0.jpg
20260705_130101,204,/app/anpr_results/crops/20260705_130101_4326_0_0.jpg,/app/anpr_results/frames/20260705_130101_4326_0_0.jpg
20260705_130101,20204,/app/anpr_results/crops/20260705_130101_4327_0_0.jpg,/app/anpr_results/frames/20260705_130101_4327_0_0.jpg
20260705_130102,204,/app/anpr_results/crops/20260705_130102_4334_0_0.jpg,/app/anpr_results/frames/20260705_130102_4334_0_0.jpg
20260705_130103,20204,/app/anpr_results/crops/20260705_130103_4336_0_0.jpg,/app/anpr_results/frames/20260705_130103_4336_0_0.jpg
20260705_130103,204,/app/anpr_results/crops/20260705_130103_4337_0_0.jpg,/app/anpr_results/frames/20260705_130103_4337_0_0.jpg
20260705_130103,20204,/app/anpr_results/crops/20260705_130103_4338_0_0.jpg,/app/anpr_results/frames/20260705_130103_4338_0_0.jpg
20260705_130103,204,/app/anpr_results/crops/20260705_130103_4341_0_0.jpg,/app/anpr_results/frames/20260705_130103_4341_0_0.jpg
20260705_130103,20204,/app/anpr_results/crops/20260705_130103_4342_0_0.jpg,/app/anpr_results/frames/20260705_130103_4342_0_0.jpg
20260705_130104,202054,/app/anpr_results/crops/20260705_130104_4347_0_0.jpg,/app/anpr_results/frames/20260705_130104_4347_0_0.jpg
20260705_130104,20204,/app/anpr_results/crops/20260705_130104_4348_0_0.jpg,/app/anpr_results/frames/20260705_130104_4348_0_0.jpg
20260705_130104,204,/app/anpr_results/crops/20260705_130104_4349_0_0.jpg,/app/anpr_results/frames/20260705_130104_4349_0_0.jpg
20260705_130104,202054,/app/anpr_results/crops/20260705_130104_4350_0_0.jpg,/app/anpr_results/frames/20260705_130104_4350_0_0.jpg
20260705_130104,204,/app/anpr_results/crops/20260705_130104_4351_0_0.jpg,/app/anpr_results/frames/20260705_130104_4351_0_0.jpg
20260705_130105,20204,/app/anpr_results/crops/20260705_130105_4353_0_0.jpg,/app/anpr_results/frames/20260705_130105_4353_0_0.jpg
20260705_130105,204,/app/anpr_results/crops/20260705_130105_4354_0_0.jpg,/app/anpr_results/frames/20260705_130105_4354_0_0.jpg
20260705_130105,20204,/app/anpr_results/crops/20260705_130105_4356_0_0.jpg,/app/anpr_results/frames/20260705_130105_4356_0_0.jpg
20260705_130105,204,/app/anpr_results/crops/20260705_130105_4359_0_0.jpg,/app/anpr_results/frames/20260705_130105_4359_0_0.jpg
20260705_130106,20204,/app/anpr_results/crops/20260705_130106_4360_0_0.jpg,/app/anpr_results/frames/20260705_130106_4360_0_0.jpg
20260705_130106,20202054,/app/anpr_results/crops/20260705_130106_4361_0_0.jpg,/app/anpr_results/frames/20260705_130106_4361_0_0.jpg
20260705_130106,202054,/app/anpr_results/crops/20260705_130106_4362_0_0.jpg,/app/anpr_results/frames/20260705_130106_4362_0_0.jpg
20260705_130132,20204,/app/anpr_results/crops/20260705_130132_4598_0_0.jpg,/app/anpr_results/frames/20260705_130132_4598_0_0.jpg
20260705_130132,20202,/app/anpr_results/crops/20260705_130132_4600_0_0.jpg,/app/anpr_results/frames/20260705_130132_4600_0_0.jpg
20260705_130132,20204,/app/anpr_results/crops/20260705_130132_4601_0_0.jpg,/app/anpr_results/frames/20260705_130132_4601_0_0.jpg
20260705_130132,204,/app/anpr_results/crops/20260705_130132_4602_0_0.jpg,/app/anpr_results/frames/20260705_130132_4602_0_0.jpg
20260705_130132,20204,/app/anpr_results/crops/20260705_130132_4603_0_0.jpg,/app/anpr_results/frames/20260705_130132_4603_0_0.jpg
20260705_130133,202,/app/anpr_results/crops/20260705_130133_4607_0_0.jpg,/app/anpr_results/frames/20260705_130133_4607_0_0.jpg
20260705_130133,204,/app/anpr_results/crops/20260705_130133_4608_0_0.jpg,/app/anpr_results/frames/20260705_130133_4608_0_0.jpg
20260705_130133,20204,/app/anpr_results/crops/20260705_130133_4609_0_0.jpg,/app/anpr_results/frames/20260705_130133_4609_0_0.jpg
20260705_130133,20,/app/anpr_results/crops/20260705_130133_4611_0_0.jpg,/app/anpr_results/frames/20260705_130133_4611_0_0.jpg
20260705_130133,20204,/app/anpr_results/crops/20260705_130133_4612_0_0.jpg,/app/anpr_results/frames/20260705_130133_4612_0_0.jpg
20260705_130134,2020,/app/anpr_results/crops/20260705_130134_4613_0_0.jpg,/app/anpr_results/frames/20260705_130134_4613_0_0.jpg
20260705_130134,20204,/app/anpr_results/crops/20260705_130134_4615_0_0.jpg,/app/anpr_results/frames/20260705_130134_4615_0_0.jpg
20260705_130135,202024,/app/anpr_results/crops/20260705_130135_4622_0_0.jpg,/app/anpr_results/frames/20260705_130135_4622_0_0.jpg
20260705_130135,204,/app/anpr_results/crops/20260705_130135_4623_0_0.jpg,/app/anpr_results/frames/20260705_130135_4623_0_0.jpg
20260705_130135,20204,/app/anpr_results/crops/20260705_130135_4624_0_0.jpg,/app/anpr_results/frames/20260705_130135_4624_0_0.jpg
20260705_130135,20202,/app/anpr_results/crops/20260705_130135_4626_0_0.jpg,/app/anpr_results/frames/20260705_130135_4626_0_0.jpg
20260705_130135,20204,/app/anpr_results/crops/20260705_130135_4627_0_0.jpg,/app/anpr_results/frames/20260705_130135_4627_0_0.jpg
20260705_130136,204,/app/anpr_results/crops/20260705_130136_4630_0_0.jpg,/app/anpr_results/frames/20260705_130136_4630_0_0.jpg
20260705_130136,20204,/app/anpr_results/crops/20260705_130136_4632_0_0.jpg,/app/anpr_results/frames/20260705_130136_4632_0_0.jpg
20260705_130136,204,/app/anpr_results/crops/20260705_130136_4633_0_0.jpg,/app/anpr_results/frames/20260705_130136_4633_0_0.jpg
20260705_130136,20204,/app/anpr_results/crops/20260705_130136_4635_0_0.jpg,/app/anpr_results/frames/20260705_130136_4635_0_0.jpg
20260705_130136,20,/app/anpr_results/crops/20260705_130136_4636_0_0.jpg,/app/anpr_results/frames/20260705_130136_4636_0_0.jpg
20260705_130137,202,/app/anpr_results/crops/20260705_130137_4637_0_0.jpg,/app/anpr_results/frames/20260705_130137_4637_0_0.jpg
20260705_130137,20204,/app/anpr_results/crops/20260705_130137_4638_0_0.jpg,/app/anpr_results/frames/20260705_130137_4638_0_0.jpg
20260705_130137,202024,/app/anpr_results/crops/20260705_130137_4639_0_0.jpg,/app/anpr_results/frames/20260705_130137_4639_0_0.jpg
20260705_130137,20204,/app/anpr_results/crops/20260705_130137_4640_0_0.jpg,/app/anpr_results/frames/20260705_130137_4640_0_0.jpg
20260705_130137,202024,/app/anpr_results/crops/20260705_130137_4642_0_0.jpg,/app/anpr_results/frames/20260705_130137_4642_0_0.jpg
20260705_130138,20204,/app/anpr_results/crops/20260705_130138_4645_0_0.jpg,/app/anpr_results/frames/20260705_130138_4645_0_0.jpg
20260705_130138,2020,/app/anpr_results/crops/20260705_130138_4648_0_0.jpg,/app/anpr_results/frames/20260705_130138_4648_0_0.jpg
20260705_130138,204,/app/anpr_results/crops/20260705_130138_4649_0_0.jpg,/app/anpr_results/frames/20260705_130138_4649_0_0.jpg
20260705_130138,202024,/app/anpr_results/crops/20260705_130138_4650_0_0.jpg,/app/anpr_results/frames/20260705_130138_4650_0_0.jpg
20260705_130138,204,/app/anpr_results/crops/20260705_130138_4651_0_0.jpg,/app/anpr_results/frames/20260705_130138_4651_0_0.jpg
20260705_130138,20204,/app/anpr_results/crops/20260705_130138_4652_0_0.jpg,/app/anpr_results/frames/20260705_130138_4652_0_0.jpg
20260705_130139,202024,/app/anpr_results/crops/20260705_130139_4656_0_0.jpg,/app/anpr_results/frames/20260705_130139_4656_0_0.jpg
20260705_130139,20204,/app/anpr_results/crops/20260705_130139_4657_0_0.jpg,/app/anpr_results/frames/20260705_130139_4657_0_0.jpg
20260705_130139,20202,/app/anpr_results/crops/20260705_130139_4659_0_0.jpg,/app/anpr_results/frames/20260705_130139_4659_0_0.jpg
20260705_130139,2020204,/app/anpr_results/crops/20260705_130139_4660_0_0.jpg,/app/anpr_results/frames/20260705_130139_4660_0_0.jpg
20260705_130140,20202,/app/anpr_results/crops/20260705_130140_4661_0_0.jpg,/app/anpr_results/frames/20260705_130140_4661_0_0.jpg
20260705_130140,20,/app/anpr_results/crops/20260705_130140_4662_0_0.jpg,/app/anpr_results/frames/20260705_130140_4662_0_0.jpg
20260705_130140,20204,/app/anpr_results/crops/20260705_130140_4663_0_0.jpg,/app/anpr_results/frames/20260705_130140_4663_0_0.jpg
20260705_130140,20202,/app/anpr_results/crops/20260705_130140_4665_0_0.jpg,/app/anpr_results/frames/20260705_130140_4665_0_0.jpg
20260705_130140,20204,/app/anpr_results/crops/20260705_130140_4666_0_0.jpg,/app/anpr_results/frames/20260705_130140_4666_0_0.jpg
20260705_130140,2020202,/app/anpr_results/crops/20260705_130140_4668_0_0.jpg,/app/anpr_results/frames/20260705_130140_4668_0_0.jpg
20260705_130141,20204,/app/anpr_results/crops/20260705_130141_4669_0_0.jpg,/app/anpr_results/frames/20260705_130141_4669_0_0.jpg
20260705_130141,2020204,/app/anpr_results/crops/20260705_130141_4672_0_0.jpg,/app/anpr_results/frames/20260705_130141_4672_0_0.jpg
20260705_130141,20204,/app/anpr_results/crops/20260705_130141_4673_0_0.jpg,/app/anpr_results/frames/20260705_130141_4673_0_0.jpg
20260705_130141,202,/app/anpr_results/crops/20260705_130141_4676_0_0.jpg,/app/anpr_results/frames/20260705_130141_4676_0_0.jpg
20260705_130142,20202,/app/anpr_results/crops/20260705_130142_4677_0_0.jpg,/app/anpr_results/frames/20260705_130142_4677_0_0.jpg
20260705_130142,2020202,/app/anpr_results/crops/20260705_130142_4678_0_0.jpg,/app/anpr_results/frames/20260705_130142_4678_0_0.jpg
20260705_130142,2020,/app/anpr_results/crops/20260705_130142_4679_0_0.jpg,/app/anpr_results/frames/20260705_130142_4679_0_0.jpg
20260705_130142,204,/app/anpr_results/crops/20260705_130142_4680_0_0.jpg,/app/anpr_results/frames/20260705_130142_4680_0_0.jpg
20260705_130142,20204,/app/anpr_results/crops/20260705_130142_4681_0_0.jpg,/app/anpr_results/frames/20260705_130142_4681_0_0.jpg
20260705_130142,204,/app/anpr_results/crops/20260705_130142_4682_0_0.jpg,/app/anpr_results/frames/20260705_130142_4682_0_0.jpg
20260705_130142,20204,/app/anpr_results/crops/20260705_130142_4683_0_0.jpg,/app/anpr_results/frames/20260705_130142_4683_0_0.jpg
20260705_130143,204,/app/anpr_results/crops/20260705_130143_4685_0_0.jpg,/app/anpr_results/frames/20260705_130143_4685_0_0.jpg
20260705_130143,20202,/app/anpr_results/crops/20260705_130143_4686_0_0.jpg,/app/anpr_results/frames/20260705_130143_4686_0_0.jpg
20260705_130143,202,/app/anpr_results/crops/20260705_130143_4687_0_0.jpg,/app/anpr_results/frames/20260705_130143_4687_0_0.jpg
20260705_130143,20204,/app/anpr_results/crops/20260705_130143_4688_0_0.jpg,/app/anpr_results/frames/20260705_130143_4688_0_0.jpg
20260705_130143,2020204,/app/anpr_results/crops/20260705_130143_4690_0_0.jpg,/app/anpr_results/frames/20260705_130143_4690_0_0.jpg
20260705_130143,20204,/app/anpr_results/crops/20260705_130143_4691_0_0.jpg,/app/anpr_results/frames/20260705_130143_4691_0_0.jpg
20260705_130144,204,/app/anpr_results/crops/20260705_130144_4694_0_0.jpg,/app/anpr_results/frames/20260705_130144_4694_0_0.jpg
20260705_130144,202,/app/anpr_results/crops/20260705_130144_4695_0_0.jpg,/app/anpr_results/frames/20260705_130144_4695_0_0.jpg
20260705_130144,2020204,/app/anpr_results/crops/20260705_130144_4696_0_0.jpg,/app/anpr_results/frames/20260705_130144_4696_0_0.jpg
20260705_130144,20204,/app/anpr_results/crops/20260705_130144_4697_0_0.jpg,/app/anpr_results/frames/20260705_130144_4697_0_0.jpg
20260705_130144,20202,/app/anpr_results/crops/20260705_130144_4698_0_0.jpg,/app/anpr_results/frames/20260705_130144_4698_0_0.jpg
20260705_130144,20204,/app/anpr_results/crops/20260705_130144_4699_0_0.jpg,/app/anpr_results/frames/20260705_130144_4699_0_0.jpg
20260705_130551,20204,/app/anpr_results/crops/20260705_130551_6528_0_0.jpg,/app/anpr_results/frames/20260705_130551_6528_0_0.jpg
20260705_130622,20202,/app/anpr_results/crops/20260705_130622_6739_1_0.jpg,/app/anpr_results/frames/20260705_130622_6739_1_0.jpg
20260705_130622,20204,/app/anpr_results/crops/20260705_130622_6740_2_0.jpg,/app/anpr_results/frames/20260705_130622_6740_2_0.jpg
20260705_130622,2020,/app/anpr_results/crops/20260705_130622_6741_1_0.jpg,/app/anpr_results/frames/20260705_130622_6741_1_0.jpg
20260705_130622,20204,/app/anpr_results/crops/20260705_130622_6743_2_0.jpg,/app/anpr_results/frames/20260705_130622_6743_2_0.jpg
20260705_130623,2020204,/app/anpr_results/crops/20260705_130623_6745_1_0.jpg,/app/anpr_results/frames/20260705_130623_6745_1_0.jpg
20260705_130623,202020,/app/anpr_results/crops/20260705_130623_6746_2_0.jpg,/app/anpr_results/frames/20260705_130623_6746_2_0.jpg
20260705_130623,2020204,/app/anpr_results/crops/20260705_130623_6747_2_0.jpg,/app/anpr_results/frames/20260705_130623_6747_2_0.jpg
20260705_130623,20202,/app/anpr_results/crops/20260705_130623_6748_2_0.jpg,/app/anpr_results/frames/20260705_130623_6748_2_0.jpg
20260705_130624,204,/app/anpr_results/crops/20260705_130624_6749_1_0.jpg,/app/anpr_results/frames/20260705_130624_6749_1_0.jpg
20260705_130624,2020204,/app/anpr_results/crops/20260705_130624_6750_1_0.jpg,/app/anpr_results/frames/20260705_130624_6750_1_0.jpg
20260705_130624,20204,/app/anpr_results/crops/20260705_130624_6751_1_0.jpg,/app/anpr_results/frames/20260705_130624_6751_1_0.jpg
20260705_130624,2020204,/app/anpr_results/crops/20260705_130624_6752_0_0.jpg,/app/anpr_results/frames/20260705_130624_6752_0_0.jpg
20260705_130624,20204,/app/anpr_results/crops/20260705_130624_6753_0_0.jpg,/app/anpr_results/frames/20260705_130624_6753_0_0.jpg
20260705_130625,204,/app/anpr_results/crops/20260705_130625_6756_0_0.jpg,/app/anpr_results/frames/20260705_130625_6756_0_0.jpg
20260705_130625,20204,/app/anpr_results/crops/20260705_130625_6758_0_0.jpg,/app/anpr_results/frames/20260705_130625_6758_0_0.jpg
20260705_130625,20202,/app/anpr_results/crops/20260705_130625_6759_0_0.jpg,/app/anpr_results/frames/20260705_130625_6759_0_0.jpg
20260705_130626,20204,/app/anpr_results/crops/20260705_130626_6760_0_0.jpg,/app/anpr_results/frames/20260705_130626_6760_0_0.jpg
20260705_130628,2020204,/app/anpr_results/crops/20260705_130628_6771_0_0.jpg,/app/anpr_results/frames/20260705_130628_6771_0_0.jpg
20260705_130628,202024,/app/anpr_results/crops/20260705_130628_6772_0_0.jpg,/app/anpr_results/frames/20260705_130628_6772_0_0.jpg
20260705_130628,20204,/app/anpr_results/crops/20260705_130628_6773_0_0.jpg,/app/anpr_results/frames/20260705_130628_6773_0_0.jpg
20260705_130628,204,/app/anpr_results/crops/20260705_130628_6774_2_0.jpg,/app/anpr_results/frames/20260705_130628_6774_2_0.jpg
20260705_130628,20204,/app/anpr_results/crops/20260705_130628_6775_1_0.jpg,/app/anpr_results/frames/20260705_130628_6775_1_0.jpg
20260705_130629,2020204,/app/anpr_results/crops/20260705_130629_6777_0_0.jpg,/app/anpr_results/frames/20260705_130629_6777_0_0.jpg
20260705_130629,20204,/app/anpr_results/crops/20260705_130629_6779_1_0.jpg,/app/anpr_results/frames/20260705_130629_6779_1_0.jpg
20260705_130630,204,/app/anpr_results/crops/20260705_130630_6783_2_0.jpg,/app/anpr_results/frames/20260705_130630_6783_2_0.jpg
20260705_130630,202,/app/anpr_results/crops/20260705_130630_6784_0_0.jpg,/app/anpr_results/frames/20260705_130630_6784_0_0.jpg
20260705_130630,20204,/app/anpr_results/crops/20260705_130630_6785_0_0.jpg,/app/anpr_results/frames/20260705_130630_6785_0_0.jpg
20260705_130631,204,/app/anpr_results/crops/20260705_130631_6787_1_0.jpg,/app/anpr_results/frames/20260705_130631_6787_1_0.jpg
20260705_130749,28083024,/app/anpr_results/crops/20260705_130749_7475_1_0.jpg,/app/anpr_results/frames/20260705_130749_7475_1_0.jpg
20260705_130757,280804,/app/anpr_results/crops/20260705_130757_7533_1_0.jpg,/app/anpr_results/frames/20260705_130757_7533_1_0.jpg
20260705_131010,202,/app/anpr_results/crops/20260705_131010_8700_0_0.jpg,/app/anpr_results/frames/20260705_131010_8700_0_0.jpg
20260705_131011,28304,/app/anpr_results/crops/20260705_131011_8702_1_0.jpg,/app/anpr_results/frames/20260705_131011_8702_1_0.jpg
20260705_131011,202,/app/anpr_results/crops/20260705_131011_8703_0_0.jpg,/app/anpr_results/frames/20260705_131011_8703_0_0.jpg
20260705_131011,204,/app/anpr_results/crops/20260705_131011_8704_0_0.jpg,/app/anpr_results/frames/20260705_131011_8704_0_0.jpg
20260705_131050,204,/app/anpr_results/crops/20260705_131050_8967_1_0.jpg,/app/anpr_results/frames/20260705_131050_8967_1_0.jpg
